{
  "version": "1.0",
  "timestamp": "20260413_213508",
  "features": [
    "wn",
    "wp",
    "vdd",
    "temp"
  ],
  "outputs": [
    "power",
    "frequency",
    "delay"
  ],
  "metrics": {
    "power": {
      "r2": 0.9922895847672255,
      "rmse": 2.048161008020244,
      "mape": 0.07064836385693214,
      "n_trees": 300,
      "max_depth": 7,
      "feature_importance": {
        "wn": 